target,fixture,concurrency,started_at,issue_s,measured_s,warmup_concurrency,warmup_requests,warmup_failures,requests,succeeded,docs_per_s,drain_s,p50_ms,p90_ms,p95_ms,p99_ms,max_ms,mean_ms,errors,page_counts,median_pdf_bytes,cpu_cores_avg,cpu_s_per_doc,cpu_percent_peak,mem_peak_sampled_bytes,mem_peak_cgroup_bytes,oom_kills,docker_load_start,docker_load_end,failure
atli,invoice,1,2026-10-01T13:31:53.7450960+00:00,10,10.233,1,8,0,28,28,2.736,0.23,376.9,394.1,397,411,411,365.4,,1=28,77457,1.99,0.733,200.11,535402905,615788544,0,0.95 2.99 3.62 10/623 41,0.98 2.89 3.58 2/630 5719,
gotenberg,invoice,1,2026-10-01T13:32:08.5405380+00:00,10,10.059,1,31,0,108,108,10.736,0.06,89.1,100.4,106.3,119.9,329.3,93.1,,1=108,70223,1.98,0.186,198.68,678428672,700968960,0,0.98 2.89 3.58 4/617 41,2.28 3.08 3.63 5/717 3071,
gotenberg,invoice,16,2026-10-01T13:32:22.9373760+00:00,10,10.933,4,37,0,139,139,12.714,0.93,1279.5,1424.6,1703.9,1790.1,1803.8,1211,,1=139,70223,1.99,0.158,202.99,376543641,452882432,0,2.28 3.08 3.63 9/617 24,1.77 2.93 3.57 7/716 3371,
atli,invoice,16,2026-10-01T13:32:37.9711760+00:00,10,16.24,4,8,0,27,27,1.663,6.24,7893.9,13531.3,13531.3,13731.3,13731.3,8693.3,,1=27,77457,2,1.21,202.5,2057289334,2147483648,0,1.77 2.93 3.57 5/618 23,1.58 2.80 3.51 10/636 5650,
atli,long-table,1,2026-10-01T13:32:59.1902930+00:00,10,11.819,1,2,0,4,4,0.338,1.82,2827,3102.2,3102.2,3102.2,3102.2,2954.4,,49=4,7192509,1.36,4.047,163.6,819671859,911273984,0,1.58 2.80 3.51 7/629 23,1.42 2.68 3.46 7/642 1089,
gotenberg,long-table,1,2026-10-01T13:33:17.6467710+00:00,10,11.006,1,2,0,5,5,0.454,1.01,2192.1,2254,2254,2254,2254,2200.8,,49=5,7188992,1.2,2.668,130.68,990484889,1103478784,0,1.42 2.68 3.46 6/625 24,1.32 2.60 3.42 9/718 335,
gotenberg,long-table,16,2026-10-01T13:33:34.3757110+00:00,10,22.974,4,4,2,25,2,0.087,12.97,13081,13434.2,13434.2,13434.2,13434.2,13257.6,http_400=17;http_503=6,49=2,7188992,1.98,22.865,199.94,2144262422,2147483648,25,1.32 2.60 3.42 1/619 23,4.07 3.14 3.57 10/724 668,
atli,long-table,16,2026-10-01T13:34:03.2426510+00:00,10,30.012,4,4,2,16,0,0,20.01,,,,,,,client_timeout=12;http_500=4,,,2.01,,210.93,2144262422,2147483648,13,4.07 3.14 3.57 10/628 23,2.61 2.86 3.46 4/641 3127,
atli,chart,1,2026-10-01T13:34:42.9300490+00:00,10,10.132,1,7,0,23,23,2.27,0.13,432.6,487.7,496.2,570.4,570.4,440.5,,1=23,67843,1.99,0.884,199.67,240019046,306688000,0,2.61 2.86 3.46 7/626 23,4.97 3.36 3.61 5/638 4750,
gotenberg,chart,1,2026-10-01T13:34:57.1235700+00:00,10,10.124,1,14,0,52,52,5.137,0.12,192.7,197.8,212.1,244,244,194.7,,1=52,63107,1.08,0.211,111.52,665216614,695050240,0,4.73 3.33 3.61 1/626 23,4.16 3.26 3.58 7/725 1485,
gotenberg,chart,16,2026-10-01T13:35:11.2305080+00:00,10,11.635,4,30,0,109,109,9.368,1.64,1179.1,2543.7,4566.7,7167.1,7263.5,1593.4,,1=109,63107,1.86,0.2,199.19,381052518,387760128,0,4.16 3.26 3.58 10/625 23,3.88 3.24 3.57 2/727 3057,
atli,chart,16,2026-10-01T13:35:27.1685790+00:00,10,30.002,4,8,0,16,2,0.067,20,10428.2,10512,10512,10512,10512,10470.1,client_timeout=14,1=2,67843,0.82,12.343,204.22,2147483648,2147483648,36,3.65 3.20 3.55 4/632 23,2.03 2.85 3.42 9/2070 3900,
atli,assets,1,2026-10-01T13:36:03.1908520+00:00,10,10.513,1,6,0,19,19,1.807,0.51,566.9,596.3,596.4,596.4,596.4,553.2,,2=19,642624,1.99,1.108,198.37,345820364,362684416,0,2.03 2.85 3.42 9/632 23,1.65 2.72 3.37 6/642 3964,
gotenberg,assets,1,2026-10-01T13:36:18.2336590+00:00,10,10.063,1,17,0,59,59,5.863,0.06,167.2,184.7,186.4,264,264,170.5,,2=59,638400,1.81,0.31,182.62,374131916,463675392,0,1.65 2.72 3.37 1/627 23,1.63 2.67 3.34 4/722 1685,
gotenberg,assets,16,2026-10-01T13:36:32.4039950+00:00,10,11.892,4,22,0,86,86,7.232,1.89,2168.8,2385.2,2450.4,2694.7,2694.7,2059.5,,2=86,638400,1.99,0.277,199.18,614360678,739110912,0,1.63 2.67 3.34 9/621 23,1.56 2.61 3.31 10/722 2197,
atli,assets,16,2026-10-01T13:36:48.5485560+00:00,10,20.03,4,4,0,19,10,0.499,10.03,18339.3,19029.4,19432.4,19432.4,19432.4,16448.3,http_500=9,2=10,642624,2,4.014,219.87,2147483648,2147483648,24,1.56 2.61 3.31 6/628 23,5.85 3.54 3.60 4/641 3792,
